Ali El Moussawi <aelmoussawi@octo.com>
Christian Tremblay <christian.tremblay@servisys.com>
Christian Tremblay, ing <christian.tremblay@servisys.com>
Philippe PRADOS <pprados@octo.com>
Philippe Prados <pprados@octo.com>
Samuel <samuelt@vrt.com.au>
Samuel Toh <samuelt@vrt.com.au>
SamuelToh <samuelt@vrt.com.au>
Stuart Longland <me@vk4msl.id.au>
Stuart Longland <stuartl@longlandclan.id.au>
Stuart Longland <stuartl@vrt.com.au>
joyfun <cnjoyfun@gmail.com>
simon.grah <simon.grah.pro@gmail.com>
